"","re.mean","week_id","fi_re.mean","OR.mean","covariate"
"SES_HH_Q1_prop_stand.1",-0.116312730568964,1,-0.1168450175713,0.889723073921454,"SES_HH_Q1_prop_stand"
"SES_HH_Q1_prop_stand.2",-0.127682311004971,2,-0.128214598007308,0.879664584620945,"SES_HH_Q1_prop_stand"
"SES_HH_Q1_prop_stand.3",-0.151293274248485,3,-0.151825561250822,0.859138134652159,"SES_HH_Q1_prop_stand"
"SES_HH_Q1_prop_stand.4",-0.152955344783377,4,-0.153487631785713,0.857711372491276,"SES_HH_Q1_prop_stand"
"SES_HH_Q1_prop_stand.5",-0.163619212191962,5,-0.164151499194299,0.848613447887399,"SES_HH_Q1_prop_stand"
"SES_HH_Q1_prop_stand.6",-0.150713006619183,6,-0.151245293621519,0.859636809369203,"SES_HH_Q1_prop_stand"
"SES_HH_Q1_prop_stand.7",-0.171921937208752,7,-0.172454224211088,0.841596812688083,"SES_HH_Q1_prop_stand"
"SES_HH_Q1_prop_stand.8",-0.135326809933485,8,-0.135859096935822,0.872965627355155,"SES_HH_Q1_prop_stand"
"SES_HH_Q1_prop_stand.9",-0.11071027805229,9,-0.111242565054626,0.894721694388497,"SES_HH_Q1_prop_stand"
"SES_HH_Q1_prop_stand.10",-0.117881182440492,10,-0.118413469442829,0.888328679906827,"SES_HH_Q1_prop_stand"
"SES_HH_Q1_prop_stand.11",-0.102990893828091,11,-0.103523180830428,0.901655121385128,"SES_HH_Q1_prop_stand"
"SES_HH_Q1_prop_stand.12",-0.0653199278642862,12,-0.0658522148666231,0.936269220739518,"SES_HH_Q1_prop_stand"
"SES_HH_Q1_prop_stand.13",-0.052894923795762,13,-0.0534272107980989,0.947974940831917,"SES_HH_Q1_prop_stand"
"SES_HH_Q1_prop_stand.14",-0.0316148605036072,14,-0.032147147505944,0.96836407923588,"SES_HH_Q1_prop_stand"
"SES_HH_Q1_prop_stand.15",-0.00262144867857086,15,-0.00315373568090768,0.996851232119716,"SES_HH_Q1_prop_stand"
"SES_HH_Q1_prop_stand.16",0.022507678800134,16,0.0219753917977972,1.0222186291982,"SES_HH_Q1_prop_stand"
"SES_HH_Q1_prop_stand.17",0.0464627402918896,17,0.0459304532895527,1.04700159290822,"SES_HH_Q1_prop_stand"
"SES_HH_Q1_prop_stand.18",-0.019320031430051,18,-0.0198523184323879,0.980343441272918,"SES_HH_Q1_prop_stand"
"SES_HH_Q1_prop_stand.19",-0.0503413400544872,19,-0.050873627056824,0.950398767633212,"SES_HH_Q1_prop_stand"
"SES_HH_Q1_prop_stand.20",-0.0931576260788696,20,-0.0936899130812064,0.910565072785883,"SES_HH_Q1_prop_stand"
"SES_HH_Q1_prop_stand.21",-0.113352324764868,21,-0.113884611767205,0.892360917891323,"SES_HH_Q1_prop_stand"
"SES_HH_Q1_prop_stand.22",-0.120502166341052,22,-0.121034453343388,0.886003433286482,"SES_HH_Q1_prop_stand"
"SES_HH_Q1_prop_stand.23",-0.0882371295625305,23,-0.0887694165648674,0.915056546131876,"SES_HH_Q1_prop_stand"
"SES_HH_Q1_prop_stand.24",-0.0864492734070764,24,-0.0869815604094132,0.916693998939341,"SES_HH_Q1_prop_stand"
"SES_HH_Q1_prop_stand.25",-0.071384082853103,25,-0.0719163698554398,0.930608719498698,"SES_HH_Q1_prop_stand"
"SES_HH_Q1_prop_stand.26",-0.0588069869405001,26,-0.059339273942837,0.942386987564437,"SES_HH_Q1_prop_stand"
"SES_HH_Q1_prop_stand.27",-0.0414218040853179,27,-0.0419540910876548,0.958913802251677,"SES_HH_Q1_prop_stand"
"SES_HH_Q1_prop_stand.28",-0.039455101513658,28,-0.0399873885159948,0.960801556209374,"SES_HH_Q1_prop_stand"
"SES_HH_Q1_prop_stand.29",-0.0192873892642954,29,-0.0198196762666322,0.980375442328314,"SES_HH_Q1_prop_stand"
"SES_HH_Q1_prop_stand.30",-0.0054902034847247,30,-0.00602249048706153,0.993995608357172,"SES_HH_Q1_prop_stand"
"SES_HH_Q1_prop_stand.31",0.0361267681390027,31,0.0355944811366659,1.03623554821559,"SES_HH_Q1_prop_stand"
"SES_HH_Q1_prop_stand.32",0.0715751574037991,32,0.0710428704014623,1.07362725171308,"SES_HH_Q1_prop_stand"
"SES_HH_Q1_prop_stand.33",0.0925685792561268,33,0.09203629225379,1.09640461235322,"SES_HH_Q1_prop_stand"
"SES_HH_Q1_prop_stand.34",0.0692312342712117,34,0.0686989472688749,1.07111369890009,"SES_HH_Q1_prop_stand"
"SES_HH_Q1_prop_stand.35",0.0730158108691535,35,0.0724835238668167,1.07517509121622,"SES_HH_Q1_prop_stand"
"SES_HH_Q1_prop_stand.36",0.0775172198269459,36,0.0769849328246091,1.0800258033318,"SES_HH_Q1_prop_stand"
"SES_HH_Q1_prop_stand.37",0.0735265020798565,37,0.0729942150775197,1.07572431391494,"SES_HH_Q1_prop_stand"
"SES_HH_Q1_prop_stand.38",0.0622317391573975,38,0.0616994521550607,1.06364262118675,"SES_HH_Q1_prop_stand"
"SES_HH_Q1_prop_stand.39",0.0250881000827804,39,0.0245558130804436,1.02485979009287,"SES_HH_Q1_prop_stand"
"SES_HH_Q1_prop_stand.40",0.0146867378435597,40,0.0141544508412228,1.01425509939487,"SES_HH_Q1_prop_stand"
"SES_HH_Q1_prop_stand.41",-0.000230715700173577,41,-0.0007630027025104,0.999237288310032,"SES_HH_Q1_prop_stand"
"SES_HH_Q1_prop_stand.42",-0.0294744835054462,42,-0.030006770507783,0.970438963161713,"SES_HH_Q1_prop_stand"
"SES_HH_Q1_prop_stand.43",-0.0251418428689558,43,-0.0256741298712926,0.974652648048399,"SES_HH_Q1_prop_stand"
"SES_HH_Q1_prop_stand.44",-0.0218303020048681,44,-0.0223625890072049,0.977885600192811,"SES_HH_Q1_prop_stand"
"SES_HH_Q1_prop_stand.45",0.00386080002212304,45,0.00332851301978622,1.00333405867046,"SES_HH_Q1_prop_stand"
"SES_HH_Q1_prop_stand.46",-0.0064283391949695,46,-0.00696062619730632,0.993063542851472,"SES_HH_Q1_prop_stand"
"SES_HH_Q1_prop_stand.47",0.011736646953456,47,0.0112043599511192,1.01126736387843,"SES_HH_Q1_prop_stand"
"SES_HH_Q1_prop_stand.48",0.0541490127285049,48,0.0536167257261681,1.05508013957565,"SES_HH_Q1_prop_stand"
"SES_HH_Q1_prop_stand.49",0.035543747630088,49,0.0350114606277512,1.03563157771961,"SES_HH_Q1_prop_stand"
"SES_HH_Q1_prop_stand.50",0.0480271719972163,50,0.0474948849948795,1.04864083730431,"SES_HH_Q1_prop_stand"
"SES_HH_Q1_prop_stand.51",0.0648956765740851,51,0.0643633895717483,1.06647987602007,"SES_HH_Q1_prop_stand"
"SES_HH_Q1_prop_stand.52",0.0667844718879541,52,0.0662521848856173,1.06849614176945,"SES_HH_Q1_prop_stand"
"SES_HH_Q1_prop_stand.53",0.0771314683867873,53,0.0765991813844504,1.0796092621686,"SES_HH_Q1_prop_stand"
"SES_HH_Q1_prop_stand.54",0.0159664495382425,54,0.0154341625359057,1.01555388436487,"SES_HH_Q1_prop_stand"
"SES_HH_Q1_prop_stand.55",-0.00888456637636459,55,-0.00941685337870141,0.990627346335527,"SES_HH_Q1_prop_stand"
"SES_HH_Q1_prop_stand.56",0.0438073114872025,56,0.0432750244848656,1.04422504281693,"SES_HH_Q1_prop_stand"
"SES_HH_Q1_prop_stand.57",0.148768268702286,57,0.148235981699949,1.15978655247502,"SES_HH_Q1_prop_stand"
"SES_HH_Q1_prop_stand.58",0.201803722221927,58,0.201271435219591,1.22295668029053,"SES_HH_Q1_prop_stand"
"SES_HH_Q1_prop_stand.59",0.102245965979852,59,0.101713678977515,1.10706644994719,"SES_HH_Q1_prop_stand"
"SES_HH_Q1_prop_stand.60",0.0230917172849372,60,0.0225594302826004,1.02281581859136,"SES_HH_Q1_prop_stand"
"SES_HH_Q1_prop_stand.61",0.0440888248714814,61,0.0435565378691446,1.04451904752387,"SES_HH_Q1_prop_stand"
"SES_HH_Q1_prop_stand.62",0.0413783519112009,62,0.040846064908864,1.0416917402899,"SES_HH_Q1_prop_stand"
"SES_HH_Q1_prop_stand.63",0.0543826096243636,63,0.0538503226220268,1.05532663180993,"SES_HH_Q1_prop_stand"
"SES_HH_Q1_prop_stand.64",0.0571980291251061,64,0.0566657421227693,1.05830200548593,"SES_HH_Q1_prop_stand"
"SES_HH_Q1_prop_stand.65",0.0975857942427513,65,0.0970535072404144,1.10191933270628,"SES_HH_Q1_prop_stand"
"SES_HH_Q1_prop_stand.66",0.108401255988786,66,0.10786896898645,1.11390178014444,"SES_HH_Q1_prop_stand"
"SES_HH_Q1_prop_stand.67",0.114428625715179,67,0.113896338712842,1.12063595229771,"SES_HH_Q1_prop_stand"
"SES_HH_Q1_prop_stand.68",0.0948880314411965,68,0.0943557444388597,1.09895062195941,"SES_HH_Q1_prop_stand"
"SES_HH_Q1_prop_stand.69",0.0952310085896177,69,0.0946987215872808,1.09932760155398,"SES_HH_Q1_prop_stand"
"SES_HH_Q1_prop_stand.70",0.0771825104255283,70,0.0766502234231915,1.07966436903276,"SES_HH_Q1_prop_stand"
"SES_HH_Q1_prop_stand.71",0.0554277272195543,71,0.0548954402172174,1.05643014879357,"SES_HH_Q1_prop_stand"
"SES_HH_Q1_prop_stand.72",0.0623582087772796,72,0.0618259217749427,1.06377714817135,"SES_HH_Q1_prop_stand"
"SES_HH_Q1_prop_stand.73",0.0297757379715075,73,0.0292434509691707,1.02967523939898,"SES_HH_Q1_prop_stand"
"SES_HH_Q1_prop_stand.74",0.0219973438774273,74,0.0214650568750905,1.02169708842464,"SES_HH_Q1_prop_stand"
"SES_HH_Q1_prop_stand.75",0.0122707362027636,75,0.0117384492004268,1.01180761516402,"SES_HH_Q1_prop_stand"
"SES_HH_Q1_prop_stand.76",-0.00193961148837979,76,-0.00247189849071661,0.99753115413458,"SES_HH_Q1_prop_stand"
"SES_HH_Q1_prop_stand.77",0.0156050889871589,77,0.0150728019848221,1.01518696955182,"SES_HH_Q1_prop_stand"
"SES_HH_Q1_prop_stand.78",0.0191372207344977,78,0.0186049337321609,1.01877908385235,"SES_HH_Q1_prop_stand"
"SES_HH_Q1_prop_stand.79",0.00703427252401309,79,0.00650198552167627,1.00652316931689,"SES_HH_Q1_prop_stand"
"SES_HH_Q1_prop_stand.80",0.00830993298316866,80,0.00777764598083184,1.00780797043598,"SES_HH_Q1_prop_stand"
"SES_HH_Q1_prop_stand.81",0.00112557922981207,81,0.000593292227475247,1.00059346826012,"SES_HH_Q1_prop_stand"
"SES_HH_Q1_prop_stand.82",-0.0113024026981497,82,-0.0118346897004866,0.988235064794231,"SES_HH_Q1_prop_stand"
"SES_HH_Q1_prop_stand.83",-0.0138626737494174,83,-0.0143949607517543,0.985708151338,"SES_HH_Q1_prop_stand"
"MBG_group_Antilles_prop_stand.1",0.163800257951215,1,0.184937414999673,1.20314313905761,"MBG_group_Antilles_prop_stand"
"MBG_group_Antilles_prop_stand.2",0.160870693865345,2,0.182007850913803,1.19962361198447,"MBG_group_Antilles_prop_stand"
"MBG_group_Antilles_prop_stand.3",0.138939350295282,3,0.16007650734374,1.17360065662599,"MBG_group_Antilles_prop_stand"
"MBG_group_Antilles_prop_stand.4",0.126002534181114,4,0.147139691229572,1.15851578622161,"MBG_group_Antilles_prop_stand"
"MBG_group_Antilles_prop_stand.5",0.119056707909552,5,0.140193864958009,1.15049681825607,"MBG_group_Antilles_prop_stand"
"MBG_group_Antilles_prop_stand.6",0.114253510579042,6,0.1353906676275,1.1449840051731,"MBG_group_Antilles_prop_stand"
"MBG_group_Antilles_prop_stand.7",0.0841257877382778,7,0.105262944786736,1.11100270432088,"MBG_group_Antilles_prop_stand"
"MBG_group_Antilles_prop_stand.8",0.081922700801666,8,0.103059857850124,1.10855776297452,"MBG_group_Antilles_prop_stand"
"MBG_group_Antilles_prop_stand.9",0.0850948186616688,9,0.106231975710127,1.11207982209327,"MBG_group_Antilles_prop_stand"
"MBG_group_Antilles_prop_stand.10",0.0735778754557118,10,0.0947150325041696,1.09934553274136,"MBG_group_Antilles_prop_stand"
"MBG_group_Antilles_prop_stand.11",0.0602416416400449,11,0.0813787986885027,1.0847817326474,"MBG_group_Antilles_prop_stand"
"MBG_group_Antilles_prop_stand.12",0.0322294868375781,12,0.0533666438860358,1.05481631618295,"MBG_group_Antilles_prop_stand"
"MBG_group_Antilles_prop_stand.13",0.0244496006483343,13,0.045586757696792,1.04664180490744,"MBG_group_Antilles_prop_stand"
"MBG_group_Antilles_prop_stand.14",0.0124899706758217,14,0.0336271277242795,1.03419891072352,"MBG_group_Antilles_prop_stand"
"MBG_group_Antilles_prop_stand.15",-0.0184621145987294,15,0.0026750424497284,1.00267862356829,"MBG_group_Antilles_prop_stand"
"MBG_group_Antilles_prop_stand.16",-0.0386575118659103,16,-0.0175203548174525,0.982632234161761,"MBG_group_Antilles_prop_stand"
"MBG_group_Antilles_prop_stand.17",-0.0252375203153001,17,-0.00410036326684237,0.995908031744499,"MBG_group_Antilles_prop_stand"
"MBG_group_Antilles_prop_stand.18",-0.00157641267875047,18,0.0195607443697073,1.01975330925134,"MBG_group_Antilles_prop_stand"
"MBG_group_Antilles_prop_stand.19",-0.00330104219944569,19,0.0178361148490121,1.01799612826902,"MBG_group_Antilles_prop_stand"
"MBG_group_Antilles_prop_stand.20",-0.00059448522030179,20,0.020542671828156,1.02075512480114,"MBG_group_Antilles_prop_stand"
"MBG_group_Antilles_prop_stand.21",0.0133778533865764,21,0.0345150104350342,1.03511756582448,"MBG_group_Antilles_prop_stand"
"MBG_group_Antilles_prop_stand.22",0.0532343232784961,22,0.0743714803269538,1.07720689234799,"MBG_group_Antilles_prop_stand"
"MBG_group_Antilles_prop_stand.23",0.0448505742299633,23,0.065987731278421,1.06821361147021,"MBG_group_Antilles_prop_stand"
"MBG_group_Antilles_prop_stand.24",0.0282398528754946,24,0.0493770099239524,1.05061636888129,"MBG_group_Antilles_prop_stand"
"MBG_group_Antilles_prop_stand.25",0.00993135502040944,25,0.0310685120688672,1.0315561755133,"MBG_group_Antilles_prop_stand"
"MBG_group_Antilles_prop_stand.26",-0.00847785977543537,26,0.0126592972730224,1.01273976537477,"MBG_group_Antilles_prop_stand"
"MBG_group_Antilles_prop_stand.27",-0.0365009266113189,27,-0.0153637695628611,0.984753651034613,"MBG_group_Antilles_prop_stand"
"MBG_group_Antilles_prop_stand.28",-0.0503413132473901,28,-0.0292041561989323,0.971218164016461,"MBG_group_Antilles_prop_stand"
"MBG_group_Antilles_prop_stand.29",-0.0626866660240103,29,-0.0415495089755526,0.959301840114412,"MBG_group_Antilles_prop_stand"
"MBG_group_Antilles_prop_stand.30",-0.0688723998226263,30,-0.0477352427741685,0.953386169543384,"MBG_group_Antilles_prop_stand"
"MBG_group_Antilles_prop_stand.31",-0.0783331794240883,31,-0.0571960223756306,0.94440892593976,"MBG_group_Antilles_prop_stand"
"MBG_group_Antilles_prop_stand.32",-0.0796038931454093,32,-0.0584667360969516,0.943209614711026,"MBG_group_Antilles_prop_stand"
"MBG_group_Antilles_prop_stand.33",-0.0918641933803625,33,-0.0707270363319048,0.931716182086739,"MBG_group_Antilles_prop_stand"
"MBG_group_Antilles_prop_stand.34",-0.072121282356832,34,-0.0509841253083742,0.950293756033019,"MBG_group_Antilles_prop_stand"
"MBG_group_Antilles_prop_stand.35",-0.0607002590619472,35,-0.0395631020134894,0.961209297834777,"MBG_group_Antilles_prop_stand"
"MBG_group_Antilles_prop_stand.36",-0.0537027135145849,36,-0.0325655564661271,0.967958991780429,"MBG_group_Antilles_prop_stand"
"MBG_group_Antilles_prop_stand.37",-0.0704942614819643,37,-0.0493571044335065,0.951841162301133,"MBG_group_Antilles_prop_stand"
"MBG_group_Antilles_prop_stand.38",-0.0440475429036702,38,-0.0229103858552124,0.977350064239159,"MBG_group_Antilles_prop_stand"
"MBG_group_Antilles_prop_stand.39",-0.0165288657551745,39,0.00460829129328328,1.00461892579696,"MBG_group_Antilles_prop_stand"
"MBG_group_Antilles_prop_stand.40",-0.0125551402721672,40,0.0085820167762906,1.00861894785438,"MBG_group_Antilles_prop_stand"
"MBG_group_Antilles_prop_stand.41",-0.00929549667725029,41,0.0118416603712075,1.01191205040193,"MBG_group_Antilles_prop_stand"
"MBG_group_Antilles_prop_stand.42",0.0040015825330947,42,0.0251387395815525,1.02545738218364,"MBG_group_Antilles_prop_stand"
"MBG_group_Antilles_prop_stand.43",0.026007826810629,43,0.0471449838590868,1.04827398086979,"MBG_group_Antilles_prop_stand"
"MBG_group_Antilles_prop_stand.44",0.0331558499920899,44,0.0542930070405476,1.05579391188745,"MBG_group_Antilles_prop_stand"
"MBG_group_Antilles_prop_stand.45",0.0219306746685401,45,0.0430678317169978,1.04400870935217,"MBG_group_Antilles_prop_stand"
"MBG_group_Antilles_prop_stand.46",0.0228407329676646,46,0.0439778900161224,1.04495925060084,"MBG_group_Antilles_prop_stand"
"MBG_group_Antilles_prop_stand.47",0.0280852212703479,47,0.0492223783188057,1.05045392294574,"MBG_group_Antilles_prop_stand"
"MBG_group_Antilles_prop_stand.48",-0.00471672434616423,48,0.0164204327022935,1.01655598895508,"MBG_group_Antilles_prop_stand"
"MBG_group_Antilles_prop_stand.49",-0.00834956236632789,49,0.0127875946821299,1.01286970559809,"MBG_group_Antilles_prop_stand"
"MBG_group_Antilles_prop_stand.50",0.00115772986197186,50,0.0222948869104296,1.0225452752324,"MBG_group_Antilles_prop_stand"
"MBG_group_Antilles_prop_stand.51",0.025550641855327,51,0.0466877989037847,1.04779483531412,"MBG_group_Antilles_prop_stand"
"MBG_group_Antilles_prop_stand.52",0.0194965533873474,52,0.0406337104358051,1.04147055587488,"MBG_group_Antilles_prop_stand"
"MBG_group_Antilles_prop_stand.53",0.0173352015611863,53,0.0384723586096441,1.03922200241994,"MBG_group_Antilles_prop_stand"
"MBG_group_Antilles_prop_stand.54",-0.0010408983942359,54,0.0200962586542219,1.02029954796139,"MBG_group_Antilles_prop_stand"
"MBG_group_Antilles_prop_stand.55",-0.0210968193133704,55,4.03377350873674e-05,1.00004033854866,"MBG_group_Antilles_prop_stand"
"MBG_group_Antilles_prop_stand.56",-0.0241438855752863,56,-0.00300672852682854,0.996997787154446,"MBG_group_Antilles_prop_stand"
"MBG_group_Antilles_prop_stand.57",-0.0791769444565897,57,-0.0580397874081319,0.943612402798113,"MBG_group_Antilles_prop_stand"
"MBG_group_Antilles_prop_stand.58",-0.0995385254267811,58,-0.0784013683783233,0.924593249565984,"MBG_group_Antilles_prop_stand"
"MBG_group_Antilles_prop_stand.59",-0.0562138617876765,59,-0.0350767047392188,0.965531352586478,"MBG_group_Antilles_prop_stand"
"MBG_group_Antilles_prop_stand.60",-0.0209494790831024,60,0.000187677965355324,1.00018769557797,"MBG_group_Antilles_prop_stand"
"MBG_group_Antilles_prop_stand.61",-0.0119607219013934,61,0.00917643514706433,1.00921866771068,"MBG_group_Antilles_prop_stand"
"MBG_group_Antilles_prop_stand.62",-0.021020007208949,62,0.000117149839508786,1.00011715670182,"MBG_group_Antilles_prop_stand"
"MBG_group_Antilles_prop_stand.63",-0.0323000400771963,63,-0.0111628830287386,0.988899190761165,"MBG_group_Antilles_prop_stand"
"MBG_group_Antilles_prop_stand.64",-0.0231592759726114,64,-0.00202211892415365,0.997979924180952,"MBG_group_Antilles_prop_stand"
"MBG_group_Antilles_prop_stand.65",-0.00223437117860562,65,0.0189027858698522,1.01908257457575,"MBG_group_Antilles_prop_stand"
"MBG_group_Antilles_prop_stand.66",-0.000107157617793195,66,0.0210299994306646,1.0212526881772,"MBG_group_Antilles_prop_stand"
"MBG_group_Antilles_prop_stand.67",0.00351192013427241,67,0.0246490771827302,1.02495537717851,"MBG_group_Antilles_prop_stand"
"MBG_group_Antilles_prop_stand.68",0.0302775636447771,68,0.0514147206932348,1.05275940387174,"MBG_group_Antilles_prop_stand"
"MBG_group_Antilles_prop_stand.69",0.0307447099943702,69,0.0518818670428279,1.05325131147174,"MBG_group_Antilles_prop_stand"
"MBG_group_Antilles_prop_stand.70",0.0274767928518628,70,0.0486139499003205,1.0498149913185,"MBG_group_Antilles_prop_stand"
"MBG_group_Antilles_prop_stand.71",-0.00118269766725078,71,0.019954459381207,1.02015488048434,"MBG_group_Antilles_prop_stand"
"MBG_group_Antilles_prop_stand.72",-0.0320300135586497,72,-0.010892856510192,0.989166255822541,"MBG_group_Antilles_prop_stand"
"MBG_group_Antilles_prop_stand.73",-0.0740302014608684,73,-0.0528930444124107,0.94848145244848,"MBG_group_Antilles_prop_stand"
"MBG_group_Antilles_prop_stand.74",-0.0594133472304557,74,-0.0382761901819979,0.962447085743824,"MBG_group_Antilles_prop_stand"
"MBG_group_Antilles_prop_stand.75",-0.0394994177210632,75,-0.0183622606726054,0.981805298480199,"MBG_group_Antilles_prop_stand"
"MBG_group_Antilles_prop_stand.76",-0.0392948710567611,76,-0.0181577140083033,0.98200614401944,"MBG_group_Antilles_prop_stand"
"MBG_group_Antilles_prop_stand.77",-0.0414235129011927,77,-0.020286355852735,0.979918027863961,"MBG_group_Antilles_prop_stand"
"MBG_group_Antilles_prop_stand.78",-0.0189750349845596,78,0.0021621220638982,1.00216446113529,"MBG_group_Antilles_prop_stand"
"MBG_group_Antilles_prop_stand.79",-0.00264565646547601,79,0.0184915005829818,1.01866352708666,"MBG_group_Antilles_prop_stand"
"MBG_group_Antilles_prop_stand.80",-0.00312358401020448,80,0.0180135730382533,1.01817679604861,"MBG_group_Antilles_prop_stand"
"MBG_group_Antilles_prop_stand.81",-0.0230277076872454,81,-0.00189055063878762,0.998111235326408,"MBG_group_Antilles_prop_stand"
"MBG_group_Antilles_prop_stand.82",-0.0399561471855446,82,-0.0188189901370869,0.981356981459589,"MBG_group_Antilles_prop_stand"
"MBG_group_Antilles_prop_stand.83",-0.0336962174636553,83,-0.0125590604151976,0.987519475461312,"MBG_group_Antilles_prop_stand"
"MBG_group_Marocco_prop_stand.1",0.0930947768076917,1,0.129739671719647,1.13853195267629,"MBG_group_Marocco_prop_stand"
"MBG_group_Marocco_prop_stand.2",0.104011619554944,2,0.1406565144669,1.1510292181918,"MBG_group_Marocco_prop_stand"
"MBG_group_Marocco_prop_stand.3",0.117471043393639,3,0.154115938305594,1.16662613559545,"MBG_group_Marocco_prop_stand"
"MBG_group_Marocco_prop_stand.4",0.129308051445785,4,0.16595294635774,1.18051755276579,"MBG_group_Marocco_prop_stand"
"MBG_group_Marocco_prop_stand.5",0.127776812093921,5,0.164421707005876,1.17871128110348,"MBG_group_Marocco_prop_stand"
"MBG_group_Marocco_prop_stand.6",0.148098416424708,6,0.184743311336664,1.20290962723068,"MBG_group_Marocco_prop_stand"
"MBG_group_Marocco_prop_stand.7",0.158456967336729,7,0.195101862248685,1.21543478710486,"MBG_group_Marocco_prop_stand"
"MBG_group_Marocco_prop_stand.8",0.166933539268082,8,0.203578434180037,1.22578129702179,"MBG_group_Marocco_prop_stand"
"MBG_group_Marocco_prop_stand.9",0.175286488799829,9,0.211931383711784,1.23606306810889,"MBG_group_Marocco_prop_stand"
"MBG_group_Marocco_prop_stand.10",0.162114808524641,10,0.198759703436596,1.21988879559206,"MBG_group_Marocco_prop_stand"
"MBG_group_Marocco_prop_stand.11",0.129424262795772,11,0.166069157707727,1.18065475027608,"MBG_group_Marocco_prop_stand"
"MBG_group_Marocco_prop_stand.12",0.09377848676377,12,0.130423381675725,1.13931064447698,"MBG_group_Marocco_prop_stand"
"MBG_group_Marocco_prop_stand.13",0.0758296074604559,13,0.112474502372411,1.1190437235889,"MBG_group_Marocco_prop_stand"
"MBG_group_Marocco_prop_stand.14",0.0433481717586556,14,0.0799930666706108,1.08327955691493,"MBG_group_Marocco_prop_stand"
"MBG_group_Marocco_prop_stand.15",0.0215038293565482,15,0.0581487242685034,1.0598726127683,"MBG_group_Marocco_prop_stand"
"MBG_group_Marocco_prop_stand.16",0.0309337092929896,16,0.0675786042049448,1.06991435606001,"MBG_group_Marocco_prop_stand"
"MBG_group_Marocco_prop_stand.17",0.0349232334508427,17,0.071568128362798,1.07419133110517,"MBG_group_Marocco_prop_stand"
"MBG_group_Marocco_prop_stand.18",0.0378739412204194,18,0.0745188361323746,1.07736563673288,"MBG_group_Marocco_prop_stand"
"MBG_group_Marocco_prop_stand.19",0.0374096271059798,19,0.0740545220179351,1.0768655167767,"MBG_group_Marocco_prop_stand"
"MBG_group_Marocco_prop_stand.20",0.0214515371691323,20,0.0580964320810876,1.05981719116006,"MBG_group_Marocco_prop_stand"
"MBG_group_Marocco_prop_stand.21",0.0287676394426903,21,0.0654125343546456,1.06759935496312,"MBG_group_Marocco_prop_stand"
"MBG_group_Marocco_prop_stand.22",0.0188073316307689,22,0.0554522265427242,1.05701851843715,"MBG_group_Marocco_prop_stand"
"MBG_group_Marocco_prop_stand.23",0.000552441844428366,23,0.0371973367563836,1.03789781601915,"MBG_group_Marocco_prop_stand"
"MBG_group_Marocco_prop_stand.24",0.0106711495961453,24,0.0473160445081006,1.04845331463534,"MBG_group_Marocco_prop_stand"
"MBG_group_Marocco_prop_stand.25",-0.00955478366539721,25,0.027090111246558,1.02746038432813,"MBG_group_Marocco_prop_stand"
"MBG_group_Marocco_prop_stand.26",-0.0173505008020961,26,0.0192943941098591,1.01948173386113,"MBG_group_Marocco_prop_stand"
"MBG_group_Marocco_prop_stand.27",-0.0263038076459708,27,0.0103410872659845,1.01039474109573,"MBG_group_Marocco_prop_stand"
"MBG_group_Marocco_prop_stand.28",-0.0234804801621563,28,0.0131644147497989,1.01325144714851,"MBG_group_Marocco_prop_stand"
"MBG_group_Marocco_prop_stand.29",-0.0356339162277144,29,0.00101097868424082,1.00101148989545,"MBG_group_Marocco_prop_stand"
"MBG_group_Marocco_prop_stand.30",-0.049862128607118,30,-0.0132172336951627,0.986869730375,"MBG_group_Marocco_prop_stand"
"MBG_group_Marocco_prop_stand.31",-0.0677239758248052,31,-0.03107908091285,0.96939890909409,"MBG_group_Marocco_prop_stand"
"MBG_group_Marocco_prop_stand.32",-0.0619509709555031,32,-0.0253060760435479,0.975011438709322,"MBG_group_Marocco_prop_stand"
"MBG_group_Marocco_prop_stand.33",-0.0476886171570867,33,-0.0110437222451314,0.989017035784758,"MBG_group_Marocco_prop_stand"
"MBG_group_Marocco_prop_stand.34",-0.05053999193692,34,-0.0138950970249647,0.986200994254941,"MBG_group_Marocco_prop_stand"
"MBG_group_Marocco_prop_stand.35",-0.0473719848844151,35,-0.0107270899724599,0.989330240079186,"MBG_group_Marocco_prop_stand"
"MBG_group_Marocco_prop_stand.36",-0.0466082582692926,36,-0.00996336335733738,0.990086106515597,"MBG_group_Marocco_prop_stand"
"MBG_group_Marocco_prop_stand.37",-0.0442609263020287,37,-0.00761603139007348,0.992412897090336,"MBG_group_Marocco_prop_stand"
"MBG_group_Marocco_prop_stand.38",-0.0655306607454759,38,-0.0288857658335207,0.971527439755192,"MBG_group_Marocco_prop_stand"
"MBG_group_Marocco_prop_stand.39",-0.0599461842790131,39,-0.0233012893670579,0.976968089329276,"MBG_group_Marocco_prop_stand"
"MBG_group_Marocco_prop_stand.40",-0.0549504787844375,40,-0.0183055838724823,0.981860945639797,"MBG_group_Marocco_prop_stand"
"MBG_group_Marocco_prop_stand.41",-0.0542639677276684,41,-0.0176190728157131,0.982535235462416,"MBG_group_Marocco_prop_stand"
"MBG_group_Marocco_prop_stand.42",-0.0416908606730207,42,-0.0050459657610655,0.994966743737947,"MBG_group_Marocco_prop_stand"
"MBG_group_Marocco_prop_stand.43",-0.0317708251214173,43,0.00487406979053799,1.00488596739076,"MBG_group_Marocco_prop_stand"
"MBG_group_Marocco_prop_stand.44",-0.0272141450812399,44,0.0094307498307153,1.00947535947576,"MBG_group_Marocco_prop_stand"
"MBG_group_Marocco_prop_stand.45",-0.0358735511267241,45,0.000771343785231152,1.00077164134735,"MBG_group_Marocco_prop_stand"
"MBG_group_Marocco_prop_stand.46",-0.0234643016938664,46,0.0131805932180888,1.01326784013753,"MBG_group_Marocco_prop_stand"
"MBG_group_Marocco_prop_stand.47",-0.0373312643404942,47,-0.000686369428538974,0.999313866069075,"MBG_group_Marocco_prop_stand"
"MBG_group_Marocco_prop_stand.48",-0.0367427198548234,48,-9.78249428682035e-05,0.999902179841835,"MBG_group_Marocco_prop_stand"
"MBG_group_Marocco_prop_stand.49",-0.0507854401791739,49,-0.0141405452672187,0.985958962658722,"MBG_group_Marocco_prop_stand"
"MBG_group_Marocco_prop_stand.50",-0.0524714550042705,50,-0.0158265600923152,0.984298021809646,"MBG_group_Marocco_prop_stand"
"MBG_group_Marocco_prop_stand.51",-0.047821742204881,51,-0.0111768472929257,0.988885381608028,"MBG_group_Marocco_prop_stand"
"MBG_group_Marocco_prop_stand.52",-0.0411474069840786,52,-0.00450251207212336,0.995507609039516,"MBG_group_Marocco_prop_stand"
"MBG_group_Marocco_prop_stand.53",-0.0535248913530148,53,-0.0168799964410596,0.983261672455353,"MBG_group_Marocco_prop_stand"
"MBG_group_Marocco_prop_stand.54",-0.0390663791420124,54,-0.00242148423005711,0.997581445197883,"MBG_group_Marocco_prop_stand"
"MBG_group_Marocco_prop_stand.55",-0.0233751671699181,55,0.0132697277420372,1.0133581613094,"MBG_group_Marocco_prop_stand"
"MBG_group_Marocco_prop_stand.56",-0.0126275785310181,56,0.0240173163809372,1.02430805504553,"MBG_group_Marocco_prop_stand"
"MBG_group_Marocco_prop_stand.57",0.00255152269463496,57,0.0391964176065902,1.03997473293838,"MBG_group_Marocco_prop_stand"
"MBG_group_Marocco_prop_stand.58",0.0164377744051402,58,0.0530826693170954,1.05451681770124,"MBG_group_Marocco_prop_stand"
"MBG_group_Marocco_prop_stand.59",-0.024388356259984,59,0.0122565386519712,1.0123319578329,"MBG_group_Marocco_prop_stand"
"MBG_group_Marocco_prop_stand.60",-0.0313699741875903,60,0.00527492072436493,1.00528885761324,"MBG_group_Marocco_prop_stand"
"MBG_group_Marocco_prop_stand.61",-0.0150585840906649,61,0.0215863108212903,1.02182098073949,"MBG_group_Marocco_prop_stand"
"MBG_group_Marocco_prop_stand.62",-0.00583813419851134,62,0.0308067607134439,1.03128619962099,"MBG_group_Marocco_prop_stand"
"MBG_group_Marocco_prop_stand.63",-0.00524018230906213,63,0.0314047126028931,1.03190304355573,"MBG_group_Marocco_prop_stand"
"MBG_group_Marocco_prop_stand.64",0.00283931625858899,64,0.0394842111705442,1.04027407404535,"MBG_group_Marocco_prop_stand"
"MBG_group_Marocco_prop_stand.65",-0.00728060947010738,65,0.0293642854418479,1.02979966718099,"MBG_group_Marocco_prop_stand"
"MBG_group_Marocco_prop_stand.66",-0.0145622355021386,66,0.0220826594098166,1.02232828603073,"MBG_group_Marocco_prop_stand"
"MBG_group_Marocco_prop_stand.67",-0.0153541105279066,67,0.0212907843840486,1.02151905024198,"MBG_group_Marocco_prop_stand"
"MBG_group_Marocco_prop_stand.68",-0.00744425679481024,68,0.029200638117145,1.02963115700898,"MBG_group_Marocco_prop_stand"
"MBG_group_Marocco_prop_stand.69",-0.0110567666777383,69,0.025588128234217,1.02591831465614,"MBG_group_Marocco_prop_stand"
"MBG_group_Marocco_prop_stand.70",-0.0110315490229037,70,0.0256133458890516,1.0259441862363,"MBG_group_Marocco_prop_stand"
"MBG_group_Marocco_prop_stand.71",-0.0229044140840885,71,0.0137404808278667,1.01383531509288,"MBG_group_Marocco_prop_stand"
"MBG_group_Marocco_prop_stand.72",-0.0179689966440101,72,0.0186758982679451,1.01885138360244,"MBG_group_Marocco_prop_stand"
"MBG_group_Marocco_prop_stand.73",-0.0284390835001922,73,0.00820581141176308,1.00823957136164,"MBG_group_Marocco_prop_stand"
"MBG_group_Marocco_prop_stand.74",-0.0322567432580782,74,0.00438815165387704,1.00439779368976,"MBG_group_Marocco_prop_stand"
"MBG_group_Marocco_prop_stand.75",-0.0353799451500677,75,0.00126494976188754,1.00126575014828,"MBG_group_Marocco_prop_stand"
"MBG_group_Marocco_prop_stand.76",-0.0493028897678704,76,-0.0126579948559152,0.987421780607082,"MBG_group_Marocco_prop_stand"
"MBG_group_Marocco_prop_stand.77",-0.0521736840694398,77,-0.0155287891574845,0.984591160793721,"MBG_group_Marocco_prop_stand"
"MBG_group_Marocco_prop_stand.78",-0.0545877766593813,78,-0.0179428817474261,0.982217133282393,"MBG_group_Marocco_prop_stand"
"MBG_group_Marocco_prop_stand.79",-0.0490694294021625,79,-0.0124245344902072,0.987652331368276,"MBG_group_Marocco_prop_stand"
"MBG_group_Marocco_prop_stand.80",-0.0586545276816891,80,-0.0220096327697338,0.978230811933667,"MBG_group_Marocco_prop_stand"
"MBG_group_Marocco_prop_stand.81",-0.0533496693751849,81,-0.0167047744632297,0.983433976605621,"MBG_group_Marocco_prop_stand"
"MBG_group_Marocco_prop_stand.82",-0.0383558449738282,82,-0.00171095006187293,0.998290512778783,"MBG_group_Marocco_prop_stand"
"MBG_group_Marocco_prop_stand.83",-0.0306590928521878,83,0.0059858020597674,1.00600375277151,"MBG_group_Marocco_prop_stand"
"MBG_group_Surinam_prop_stand.1",0.003062236641795,1,0.0156921496186534,1.01581591794806,"MBG_group_Surinam_prop_stand"
"MBG_group_Surinam_prop_stand.2",0.00373731033396853,2,0.0163672233108269,1.01650190006854,"MBG_group_Surinam_prop_stand"
"MBG_group_Surinam_prop_stand.3",-0.000473735919692661,3,0.0121561770571657,1.0122303636813,"MBG_group_Surinam_prop_stand"
"MBG_group_Surinam_prop_stand.4",-0.00331848026080629,4,0.0093114327160521,1.00935491897399,"MBG_group_Surinam_prop_stand"
"MBG_group_Surinam_prop_stand.5",0.00253712000193875,5,0.0151670329787971,1.01528263613634,"MBG_group_Surinam_prop_stand"
"MBG_group_Surinam_prop_stand.6",0.0148236975262132,6,0.0274536105030716,1.0278339333022,"MBG_group_Surinam_prop_stand"
"MBG_group_Surinam_prop_stand.7",0.0203704588474568,7,0.0330003718243152,1.0335509235406,"MBG_group_Surinam_prop_stand"
"MBG_group_Surinam_prop_stand.8",0.0307704597736282,8,0.0434003727504866,1.04435594281883,"MBG_group_Surinam_prop_stand"
"MBG_group_Surinam_prop_stand.9",0.0346558199122368,9,0.0472857328890952,1.04842153479957,"MBG_group_Surinam_prop_stand"
"MBG_group_Surinam_prop_stand.10",0.0393626403001095,10,0.0519925532769679,1.05336789834517,"MBG_group_Surinam_prop_stand"
"MBG_group_Surinam_prop_stand.11",0.0433168814680604,11,0.0559467944449188,1.05754141516171,"MBG_group_Surinam_prop_stand"
"MBG_group_Surinam_prop_stand.12",0.0556854636176838,12,0.0683153765945422,1.07070292988082,"MBG_group_Surinam_prop_stand"
"MBG_group_Surinam_prop_stand.13",0.0563724789537236,13,0.069002391930582,1.07143877195245,"MBG_group_Surinam_prop_stand"
"MBG_group_Surinam_prop_stand.14",0.0664932309689325,14,0.0791231439457909,1.08233759718653,"MBG_group_Surinam_prop_stand"
"MBG_group_Surinam_prop_stand.15",0.0637831158864485,15,0.0764130288633069,1.07940830888716,"MBG_group_Surinam_prop_stand"
"MBG_group_Surinam_prop_stand.16",0.0511541778084978,16,0.0637840907853562,1.06586224443606,"MBG_group_Surinam_prop_stand"
"MBG_group_Surinam_prop_stand.17",0.0390633815449467,17,0.0516932945218051,1.05305271594208,"MBG_group_Surinam_prop_stand"
"MBG_group_Surinam_prop_stand.18",0.0368249193851526,18,0.049454832362011,1.0506981335901,"MBG_group_Surinam_prop_stand"
"MBG_group_Surinam_prop_stand.19",0.0292880278979241,19,0.0419179408747825,1.04280890325332,"MBG_group_Surinam_prop_stand"
"MBG_group_Surinam_prop_stand.20",0.0201837523621293,20,0.0328136653389877,1.03335797089357,"MBG_group_Surinam_prop_stand"
"MBG_group_Surinam_prop_stand.21",-0.000804178636077808,21,0.0118257343407806,1.01189593478816,"MBG_group_Surinam_prop_stand"
"MBG_group_Surinam_prop_stand.22",0.000417826784102562,22,0.0130477397609609,1.01313323294368,"MBG_group_Surinam_prop_stand"
"MBG_group_Surinam_prop_stand.23",-0.00489708690344612,23,0.00773282607341227,1.00776280158829,"MBG_group_Surinam_prop_stand"
"MBG_group_Surinam_prop_stand.24",-0.00941632602074956,24,0.00321358695610882,1.00321875606231,"MBG_group_Surinam_prop_stand"
"MBG_group_Surinam_prop_stand.25",0.00421449988442426,25,0.0168444128612826,1.01698707990544,"MBG_group_Surinam_prop_stand"
"MBG_group_Surinam_prop_stand.26",0.00352082553615886,26,0.0161507385130172,1.01628186667804,"MBG_group_Surinam_prop_stand"
"MBG_group_Surinam_prop_stand.27",-0.00464994911581167,27,0.00797996386104671,1.00801188863567,"MBG_group_Surinam_prop_stand"
"MBG_group_Surinam_prop_stand.28",-0.00370806301299302,28,0.00892184996386536,1.00896176829406,"MBG_group_Surinam_prop_stand"
"MBG_group_Surinam_prop_stand.29",0.00704736808194564,29,0.019677281058804,1.0198721548505,"MBG_group_Surinam_prop_stand"
"MBG_group_Surinam_prop_stand.30",0.00946125968213096,30,0.0220911726589893,1.02233698940321,"MBG_group_Surinam_prop_stand"
"MBG_group_Surinam_prop_stand.31",0.00132431070737684,31,0.0139542236842352,1.01405203830971,"MBG_group_Surinam_prop_stand"
"MBG_group_Surinam_prop_stand.32",0.0139388499829617,32,0.0265687629598201,1.02692485922674,"MBG_group_Surinam_prop_stand"
"MBG_group_Surinam_prop_stand.33",0.0174311844229154,33,0.0300610973997738,1.03051749396945,"MBG_group_Surinam_prop_stand"
"MBG_group_Surinam_prop_stand.34",0.0162424622885663,34,0.0288723752654247,1.02929322281781,"MBG_group_Surinam_prop_stand"
"MBG_group_Surinam_prop_stand.35",0.0148752580983634,35,0.0275051710752218,1.02788693037415,"MBG_group_Surinam_prop_stand"
"MBG_group_Surinam_prop_stand.36",0.00558749024183508,36,0.0182174032186935,1.01838435236107,"MBG_group_Surinam_prop_stand"
"MBG_group_Surinam_prop_stand.37",0.00945265924377776,37,0.0220825722206361,1.02232819689477,"MBG_group_Surinam_prop_stand"
"MBG_group_Surinam_prop_stand.38",0.00472671163304047,38,0.0173566246098989,1.01750812606755,"MBG_group_Surinam_prop_stand"
"MBG_group_Surinam_prop_stand.39",0.00415526731139617,39,0.0167851802882546,1.01692684292798,"MBG_group_Surinam_prop_stand"
"MBG_group_Surinam_prop_stand.40",0.00359640420176004,40,0.0162263171786184,1.01635867880804,"MBG_group_Surinam_prop_stand"
"MBG_group_Surinam_prop_stand.41",0.00158318900502794,41,0.0142131019818863,1.01431458835791,"MBG_group_Surinam_prop_stand"
"MBG_group_Surinam_prop_stand.42",-0.00245654650100552,42,0.0101733664758529,1.01022529110195,"MBG_group_Surinam_prop_stand"
"MBG_group_Surinam_prop_stand.43",-0.0111919679190736,43,0.00143794505778479,1.00143897939649,"MBG_group_Surinam_prop_stand"
"MBG_group_Surinam_prop_stand.44",-0.0138478430838348,44,-0.00121793010697639,0.998782811268884,"MBG_group_Surinam_prop_stand"
"MBG_group_Surinam_prop_stand.45",-0.01157524276342,45,0.00105467021343842,1.00105522657364,"MBG_group_Surinam_prop_stand"
"MBG_group_Surinam_prop_stand.46",-0.0192419287456208,46,-0.00661201576876243,0.993409795508854,"MBG_group_Surinam_prop_stand"
"MBG_group_Surinam_prop_stand.47",-0.00838236070868657,47,0.00424755226817181,1.00425658590406,"MBG_group_Surinam_prop_stand"
"MBG_group_Surinam_prop_stand.48",-0.00507183576299352,48,0.00755807721386487,1.00758671157423,"MBG_group_Surinam_prop_stand"
"MBG_group_Surinam_prop_stand.49",-0.0170961037337685,49,-0.00446619075691007,0.995543767841845,"MBG_group_Surinam_prop_stand"
"MBG_group_Surinam_prop_stand.50",-0.0274608179659268,50,-0.0148309049890684,0.985278531201766,"MBG_group_Surinam_prop_stand"
"MBG_group_Surinam_prop_stand.51",-0.0266636382175892,51,-0.0140337252407308,0.986064288446581,"MBG_group_Surinam_prop_stand"
"MBG_group_Surinam_prop_stand.52",-0.0304296426376361,52,-0.0177997296607778,0.982357749779097,"MBG_group_Surinam_prop_stand"
"MBG_group_Surinam_prop_stand.53",-0.0237575614650545,53,-0.0111276484881961,0.988934034783647,"MBG_group_Surinam_prop_stand"
"MBG_group_Surinam_prop_stand.54",-0.0283112394236914,54,-0.015681326446833,0.984440985380903,"MBG_group_Surinam_prop_stand"
"MBG_group_Surinam_prop_stand.55",-0.032101932654314,55,-0.0194720196774556,0.980716335564163,"MBG_group_Surinam_prop_stand"
"MBG_group_Surinam_prop_stand.56",-0.0403651165171292,56,-0.0277352035402708,0.972645885891825,"MBG_group_Surinam_prop_stand"
"MBG_group_Surinam_prop_stand.57",-0.0529565141523006,57,-0.0403266011754422,0.960475695429467,"MBG_group_Surinam_prop_stand"
"MBG_group_Surinam_prop_stand.58",-0.0581916436593315,58,-0.0455617306824732,0.955460619515322,"MBG_group_Surinam_prop_stand"
"MBG_group_Surinam_prop_stand.59",-0.0389666204710386,59,-0.0263367074941802,0.974007078907165,"MBG_group_Surinam_prop_stand"
"MBG_group_Surinam_prop_stand.60",-0.0164872247883449,60,-0.00385731181148647,0.996150118059539,"MBG_group_Surinam_prop_stand"
"MBG_group_Surinam_prop_stand.61",0.00605425437704387,61,0.0186841673539023,1.01885980860694,"MBG_group_Surinam_prop_stand"
"MBG_group_Surinam_prop_stand.62",0.0235273724713414,62,0.0361572854481997,1.03681891019381,"MBG_group_Surinam_prop_stand"
"MBG_group_Surinam_prop_stand.63",0.0222804014901866,63,0.034910314467045,1.03552683285898,"MBG_group_Surinam_prop_stand"
"MBG_group_Surinam_prop_stand.64",0.0133456371058684,64,0.0259755500827268,1.02631585482893,"MBG_group_Surinam_prop_stand"
"MBG_group_Surinam_prop_stand.65",-0.00758546357153934,65,0.00504444940531904,1.00505719406113,"MBG_group_Surinam_prop_stand"
"MBG_group_Surinam_prop_stand.66",-0.0131100785106004,66,-0.000480165533742059,0.999519949727279,"MBG_group_Surinam_prop_stand"
"MBG_group_Surinam_prop_stand.67",-0.0116013407668991,67,0.00102857220995933,1.00102910137177,"MBG_group_Surinam_prop_stand"
"MBG_group_Surinam_prop_stand.68",-0.00338845808639918,68,0.00924145489045921,1.0092842889828,"MBG_group_Surinam_prop_stand"
"MBG_group_Surinam_prop_stand.69",-0.00183488450522077,69,0.0107950284716376,1.01085350502073,"MBG_group_Surinam_prop_stand"
"MBG_group_Surinam_prop_stand.70",0.00203049611723529,70,0.0146604090940937,1.01476839997631,"MBG_group_Surinam_prop_stand"
"MBG_group_Surinam_prop_stand.71",-0.000208353070928854,71,0.0124215599059295,1.01249902790668,"MBG_group_Surinam_prop_stand"
"MBG_group_Surinam_prop_stand.72",-0.00412563986457991,72,0.00850427311227847,1.00854053716978,"MBG_group_Surinam_prop_stand"
"MBG_group_Surinam_prop_stand.73",-0.0106838107369667,73,0.00194610223989166,1.00194799712587,"MBG_group_Surinam_prop_stand"
"MBG_group_Surinam_prop_stand.74",-0.0226023890024554,74,-0.00997247602559704,0.990077084230469,"MBG_group_Surinam_prop_stand"
"MBG_group_Surinam_prop_stand.75",-0.0301131280641918,75,-0.0174832150873335,0.982668729535454,"MBG_group_Surinam_prop_stand"
"MBG_group_Surinam_prop_stand.76",-0.0282809780460784,76,-0.01565106506922,0.984470776372056,"MBG_group_Surinam_prop_stand"
"MBG_group_Surinam_prop_stand.77",-0.047429879262983,77,-0.0347999662861246,0.965798589215027,"MBG_group_Surinam_prop_stand"
"MBG_group_Surinam_prop_stand.78",-0.0426340263024675,78,-0.0300041133256091,0.970441541798252,"MBG_group_Surinam_prop_stand"
"MBG_group_Surinam_prop_stand.79",-0.0438766291425575,79,-0.0312467161656991,0.969236417282911,"MBG_group_Surinam_prop_stand"
"MBG_group_Surinam_prop_stand.80",-0.0321952603776899,80,-0.0195653474008315,0.980624811812205,"MBG_group_Surinam_prop_stand"
"MBG_group_Surinam_prop_stand.81",-0.017335536469202,81,-0.00470562349234362,0.995305430608273,"MBG_group_Surinam_prop_stand"
"MBG_group_Surinam_prop_stand.82",-0.00483424938788695,82,0.00779566358897144,1.00782612888865,"MBG_group_Surinam_prop_stand"
"MBG_group_Surinam_prop_stand.83",0.0173644935383545,83,0.0299944065152128,1.03044877013788,"MBG_group_Surinam_prop_stand"
"MBG_group_Turkiye_prop_stand.1",0.0892481425127927,1,0.116487385192618,1.12354333709502,"MBG_group_Turkiye_prop_stand"
"MBG_group_Turkiye_prop_stand.2",0.0828013849312319,2,0.110040627611057,1.11632342309143,"MBG_group_Turkiye_prop_stand"
"MBG_group_Turkiye_prop_stand.3",0.0651895718527615,3,0.0924288145325868,1.09683506006478,"MBG_group_Turkiye_prop_stand"
"MBG_group_Turkiye_prop_stand.4",0.0864936927413545,4,0.11373293542118,1.12045285165438,"MBG_group_Turkiye_prop_stand"
"MBG_group_Turkiye_prop_stand.5",0.0542821265078854,5,0.0815213691877107,1.08493640154591,"MBG_group_Turkiye_prop_stand"
"MBG_group_Turkiye_prop_stand.6",0.061395018835854,6,0.0886342615156792,1.0926809477627,"MBG_group_Turkiye_prop_stand"
"MBG_group_Turkiye_prop_stand.7",0.0302333188329674,7,0.0574725615127927,1.05915620861194,"MBG_group_Turkiye_prop_stand"
"MBG_group_Turkiye_prop_stand.8",-0.00283520392319605,8,0.0244040387566292,1.02470425449467,"MBG_group_Turkiye_prop_stand"
"MBG_group_Turkiye_prop_stand.9",-0.0049698829851923,9,0.022269359694633,1.02251917283166,"MBG_group_Turkiye_prop_stand"
"MBG_group_Turkiye_prop_stand.10",-0.015189466113333,10,0.0120497765664923,1.01212266760349,"MBG_group_Turkiye_prop_stand"
"MBG_group_Turkiye_prop_stand.11",-0.00689192622113916,11,0.0203473164586861,1.02055573428324,"MBG_group_Turkiye_prop_stand"
"MBG_group_Turkiye_prop_stand.12",-0.00795587481079649,12,0.0192833678690288,1.01947049287199,"MBG_group_Turkiye_prop_stand"
"MBG_group_Turkiye_prop_stand.13",-0.00942434569048597,13,0.0178148969893393,1.01797452879917,"MBG_group_Turkiye_prop_stand"
"MBG_group_Turkiye_prop_stand.14",-0.0319774200390614,14,-0.00473817735923614,0.995273030095152,"MBG_group_Turkiye_prop_stand"
"MBG_group_Turkiye_prop_stand.15",-0.00698844947852061,15,0.0202507932013047,1.0204572316734,"MBG_group_Turkiye_prop_stand"
"MBG_group_Turkiye_prop_stand.16",-0.0146550208654264,16,0.0125842218143989,1.01266373632641,"MBG_group_Turkiye_prop_stand"
"MBG_group_Turkiye_prop_stand.17",-0.0343335102343236,17,-0.00709426755449836,0.992930837359496,"MBG_group_Turkiye_prop_stand"
"MBG_group_Turkiye_prop_stand.18",-0.0149827034679305,18,0.0122565392118948,1.01233195839973,"MBG_group_Turkiye_prop_stand"
"MBG_group_Turkiye_prop_stand.19",-0.000764283663085205,19,0.0264749590167401,1.02682853414361,"MBG_group_Turkiye_prop_stand"
"MBG_group_Turkiye_prop_stand.20",0.0263767729826889,20,0.0536160156625142,1.05507939040186,"MBG_group_Turkiye_prop_stand"
"MBG_group_Turkiye_prop_stand.21",0.0455439771305334,21,0.0727832198103587,1.07549736511933,"MBG_group_Turkiye_prop_stand"
"MBG_group_Turkiye_prop_stand.22",0.0634459434881452,22,0.0906851861679705,1.09492425369494,"MBG_group_Turkiye_prop_stand"
"MBG_group_Turkiye_prop_stand.23",0.0691034409179383,23,0.0963426835977636,1.10113634070988,"MBG_group_Turkiye_prop_stand"
"MBG_group_Turkiye_prop_stand.24",0.0425733605252115,24,0.0698126032050368,1.07230721548924,"MBG_group_Turkiye_prop_stand"
"MBG_group_Turkiye_prop_stand.25",0.029228184268585,25,0.0564674269484103,1.05809214894875,"MBG_group_Turkiye_prop_stand"
"MBG_group_Turkiye_prop_stand.26",0.0344454182723897,26,0.061684660952215,1.06362688874933,"MBG_group_Turkiye_prop_stand"
"MBG_group_Turkiye_prop_stand.27",0.0269502808874626,27,0.0541895235672879,1.05568466031937,"MBG_group_Turkiye_prop_stand"
"MBG_group_Turkiye_prop_stand.28",-0.000244519430256876,28,0.0269947232495684,1.0273623816143,"MBG_group_Turkiye_prop_stand"
"MBG_group_Turkiye_prop_stand.29",-0.0195511135125331,29,0.00768812916729222,1.0077177587156,"MBG_group_Turkiye_prop_stand"
"MBG_group_Turkiye_prop_stand.30",-0.0185549363302697,30,0.00868430634955559,1.00872212433299,"MBG_group_Turkiye_prop_stand"
"MBG_group_Turkiye_prop_stand.31",-0.0185390630250647,31,0.00870017965476057,1.00873813621422,"MBG_group_Turkiye_prop_stand"
"MBG_group_Turkiye_prop_stand.32",-0.0192912209796381,32,0.00794802170018722,1.00797969107201,"MBG_group_Turkiye_prop_stand"
"MBG_group_Turkiye_prop_stand.33",-0.0317723822457032,33,-0.00453313956587787,0.995477119603348,"MBG_group_Turkiye_prop_stand"
"MBG_group_Turkiye_prop_stand.34",-0.014946614703526,34,0.0122926279762992,1.01236849286851,"MBG_group_Turkiye_prop_stand"
"MBG_group_Turkiye_prop_stand.35",-0.0267407528288939,35,0.000498489850931413,1.00049861411764,"MBG_group_Turkiye_prop_stand"
"MBG_group_Turkiye_prop_stand.36",-0.0104355203781777,36,0.0168037223016476,1.01694569897393,"MBG_group_Turkiye_prop_stand"
"MBG_group_Turkiye_prop_stand.37",-0.0144148131065561,37,0.0128244295732692,1.01290701523058,"MBG_group_Turkiye_prop_stand"
"MBG_group_Turkiye_prop_stand.38",-0.00383705157261105,38,0.0234021911072142,1.02367817102144,"MBG_group_Turkiye_prop_stand"
"MBG_group_Turkiye_prop_stand.39",-0.00607272559420599,39,0.0211665170856193,1.02139211671632,"MBG_group_Turkiye_prop_stand"
"MBG_group_Turkiye_prop_stand.40",0.00244212089405901,40,0.0296813635738843,1.03012624590859,"MBG_group_Turkiye_prop_stand"
"MBG_group_Turkiye_prop_stand.41",0.0120199040903263,41,0.0392591467701516,1.04003997172967,"MBG_group_Turkiye_prop_stand"
"MBG_group_Turkiye_prop_stand.42",0.00589001074347397,42,0.0331292534232993,1.03368413782051,"MBG_group_Turkiye_prop_stand"
"MBG_group_Turkiye_prop_stand.43",0.00606523994784306,43,0.0333044826276683,1.03386528534025,"MBG_group_Turkiye_prop_stand"
"MBG_group_Turkiye_prop_stand.44",0.0196211315686413,44,0.0468603742484666,1.04797567447272,"MBG_group_Turkiye_prop_stand"
"MBG_group_Turkiye_prop_stand.45",0.0103700106470631,45,0.0376092533268883,1.03832543139295,"MBG_group_Turkiye_prop_stand"
"MBG_group_Turkiye_prop_stand.46",0.0169504785705792,46,0.0441897212504044,1.04518062905528,"MBG_group_Turkiye_prop_stand"
"MBG_group_Turkiye_prop_stand.47",0.0152786713624204,47,0.0425179140422456,1.04343474834042,"MBG_group_Turkiye_prop_stand"
"MBG_group_Turkiye_prop_stand.48",-0.00925260536213172,48,0.0179866373176936,1.01814937109231,"MBG_group_Turkiye_prop_stand"
"MBG_group_Turkiye_prop_stand.49",-0.00408982899691894,49,0.0231494136829064,1.02341944099199,"MBG_group_Turkiye_prop_stand"
"MBG_group_Turkiye_prop_stand.50",0.0165575436310878,50,0.043796786310913,1.04477002174431,"MBG_group_Turkiye_prop_stand"
"MBG_group_Turkiye_prop_stand.51",0.0402167967660946,51,0.0674560394459199,1.06978323030064,"MBG_group_Turkiye_prop_stand"
"MBG_group_Turkiye_prop_stand.52",0.045771177185374,52,0.0730104198651993,1.07574174594029,"MBG_group_Turkiye_prop_stand"
"MBG_group_Turkiye_prop_stand.53",0.0440939527239903,53,0.0713331954038156,1.07393899779911,"MBG_group_Turkiye_prop_stand"
"MBG_group_Turkiye_prop_stand.54",0.0472072407224616,54,0.0744464834022869,1.07728768920765,"MBG_group_Turkiye_prop_stand"
"MBG_group_Turkiye_prop_stand.55",-0.00381397680397516,55,0.0234252658758501,1.02370179243093,"MBG_group_Turkiye_prop_stand"
"MBG_group_Turkiye_prop_stand.56",-0.0413570072922635,56,-0.0141177646124382,0.985981423705316,"MBG_group_Turkiye_prop_stand"
"MBG_group_Turkiye_prop_stand.57",-0.142491788965214,57,-0.115252546285389,0.891141061121373,"MBG_group_Turkiye_prop_stand"
"MBG_group_Turkiye_prop_stand.58",-0.234765657319529,58,-0.207526414639704,0.812591777170589,"MBG_group_Turkiye_prop_stand"
"MBG_group_Turkiye_prop_stand.59",-0.126801337245967,59,-0.0995620945661421,0.905233738027081,"MBG_group_Turkiye_prop_stand"
"MBG_group_Turkiye_prop_stand.60",-0.049220910979001,60,-0.0219816682991757,0.978258168022904,"MBG_group_Turkiye_prop_stand"
"MBG_group_Turkiye_prop_stand.61",-0.0414610747522052,61,-0.0142218320723799,0.985878820461923,"MBG_group_Turkiye_prop_stand"
"MBG_group_Turkiye_prop_stand.62",-0.0236657225051539,62,0.00357352017467143,1.00357991281036,"MBG_group_Turkiye_prop_stand"
"MBG_group_Turkiye_prop_stand.63",-0.00930178828680627,63,0.017937454393019,1.01809929675989,"MBG_group_Turkiye_prop_stand"
"MBG_group_Turkiye_prop_stand.64",0.0254051712465494,64,0.0526444139263747,1.05405477127584,"MBG_group_Turkiye_prop_stand"
"MBG_group_Turkiye_prop_stand.65",0.0394086979450226,65,0.0666479406248479,1.06891908893627,"MBG_group_Turkiye_prop_stand"
"MBG_group_Turkiye_prop_stand.66",0.0431589915777442,66,0.0703982342575695,1.07293537580962,"MBG_group_Turkiye_prop_stand"
"MBG_group_Turkiye_prop_stand.67",0.0525712452273443,67,0.0798104879071696,1.08308179112744,"MBG_group_Turkiye_prop_stand"
"MBG_group_Turkiye_prop_stand.68",0.0396692835683599,68,0.0669085262481852,1.06919767017891,"MBG_group_Turkiye_prop_stand"
"MBG_group_Turkiye_prop_stand.69",0.0378170745637152,69,0.0650563172435405,1.06721912553121,"MBG_group_Turkiye_prop_stand"
"MBG_group_Turkiye_prop_stand.70",0.0186987243724158,70,0.0459379670522411,1.04700945985928,"MBG_group_Turkiye_prop_stand"
"MBG_group_Turkiye_prop_stand.71",-0.00952070973880611,71,0.0177185329410192,1.0178764373788,"MBG_group_Turkiye_prop_stand"
"MBG_group_Turkiye_prop_stand.72",-0.0458447138997782,72,-0.0186054712199529,0.981566542111378,"MBG_group_Turkiye_prop_stand"
"MBG_group_Turkiye_prop_stand.73",-0.0345392982895099,73,-0.00730005560968461,0.992726525076776,"MBG_group_Turkiye_prop_stand"
"MBG_group_Turkiye_prop_stand.74",-0.0385616891649682,74,-0.011322446485143,0.988741411176514,"MBG_group_Turkiye_prop_stand"
"MBG_group_Turkiye_prop_stand.75",-0.0397754636672093,75,-0.0125362209873841,0.987542030098652,"MBG_group_Turkiye_prop_stand"
"MBG_group_Turkiye_prop_stand.76",-0.0115997727209621,76,0.0156394699588632,1.01576240652058,"MBG_group_Turkiye_prop_stand"
"MBG_group_Turkiye_prop_stand.77",-0.0147941644647707,77,0.0124450782150546,1.01252284045182,"MBG_group_Turkiye_prop_stand"
"MBG_group_Turkiye_prop_stand.78",-0.0185450233736206,78,0.00869421930620468,1.00873212380124,"MBG_group_Turkiye_prop_stand"
"MBG_group_Turkiye_prop_stand.79",-0.0117814398401652,79,0.0154578028396601,1.01557789265096,"MBG_group_Turkiye_prop_stand"
"MBG_group_Turkiye_prop_stand.80",0.0080366313479322,80,0.0352758740277575,1.03590544879222,"MBG_group_Turkiye_prop_stand"
"MBG_group_Turkiye_prop_stand.81",-0.00845507244722805,81,0.0187841702325972,1.01896170261555,"MBG_group_Turkiye_prop_stand"
"MBG_group_Turkiye_prop_stand.82",-0.044490186080589,82,-0.0172509434007637,0.982897002168211,"MBG_group_Turkiye_prop_stand"
"MBG_group_Turkiye_prop_stand.83",-0.0550624827938132,83,-0.0278232401139879,0.972560261249696,"MBG_group_Turkiye_prop_stand"
"MBG_group_Other_W_prop_stand.1",-0.095709675133585,1,-0.142055346000329,0.867573238448382,"MBG_group_Other_W_prop_stand"
"MBG_group_Other_W_prop_stand.2",-0.0192387514102811,2,-0.0655844222770252,0.936519980272974,"MBG_group_Other_W_prop_stand"
"MBG_group_Other_W_prop_stand.3",0.0602754706134292,3,0.0139297997466851,1.01402727146851,"MBG_group_Other_W_prop_stand"
"MBG_group_Other_W_prop_stand.4",0.0596747860251578,4,0.0133291151584138,1.01341834381949,"MBG_group_Other_W_prop_stand"
"MBG_group_Other_W_prop_stand.5",0.0637487923747992,5,0.0174031215080551,1.01755543813919,"MBG_group_Other_W_prop_stand"
"MBG_group_Other_W_prop_stand.6",0.113455823907706,6,0.0671101530409623,1.0694132708107,"MBG_group_Other_W_prop_stand"
"MBG_group_Other_W_prop_stand.7",0.133372808801956,7,0.0870271379352117,1.0909262848034,"MBG_group_Other_W_prop_stand"
"MBG_group_Other_W_prop_stand.8",0.172937835138018,8,0.126592164271274,1.13495404856874,"MBG_group_Other_W_prop_stand"
"MBG_group_Other_W_prop_stand.9",0.254586947344809,9,0.208241276478064,1.23151026816618,"MBG_group_Other_W_prop_stand"
"MBG_group_Other_W_prop_stand.10",0.269459068395846,10,0.223113397529102,1.24996230833689,"MBG_group_Other_W_prop_stand"
"MBG_group_Other_W_prop_stand.11",0.241391424844925,11,0.195045753978181,1.21536659307419,"MBG_group_Other_W_prop_stand"
"MBG_group_Other_W_prop_stand.12",0.206445955872632,12,0.160100285005888,1.17362856243766,"MBG_group_Other_W_prop_stand"
"MBG_group_Other_W_prop_stand.13",0.235242229375143,13,0.188896558508399,1.20791599738774,"MBG_group_Other_W_prop_stand"
"MBG_group_Other_W_prop_stand.14",0.244455175391158,14,0.198109504524414,1.21909588302756,"MBG_group_Other_W_prop_stand"
"MBG_group_Other_W_prop_stand.15",0.209179544244569,15,0.162833873377825,1.1768411688001,"MBG_group_Other_W_prop_stand"
"MBG_group_Other_W_prop_stand.16",0.187237507320298,16,0.140891836453553,1.15130011254657,"MBG_group_Other_W_prop_stand"
"MBG_group_Other_W_prop_stand.17",0.134421202099273,17,0.0880755312325291,1.09207060435192,"MBG_group_Other_W_prop_stand"
"MBG_group_Other_W_prop_stand.18",0.0668798606355331,18,0.020534189768789,1.02074646673229,"MBG_group_Other_W_prop_stand"
"MBG_group_Other_W_prop_stand.19",0.0271644472906345,19,-0.0191812235761096,0.981001565520941,"MBG_group_Other_W_prop_stand"
"MBG_group_Other_W_prop_stand.20",0.0158914907374034,20,-0.0304541801293407,0.970004876546965,"MBG_group_Other_W_prop_stand"
"MBG_group_Other_W_prop_stand.21",-0.0156341301751181,21,-0.0619798010418622,0.93990187163791,"MBG_group_Other_W_prop_stand"
"MBG_group_Other_W_prop_stand.22",-0.0548788131676537,22,-0.101224484034398,0.903730137126098,"MBG_group_Other_W_prop_stand"
"MBG_group_Other_W_prop_stand.23",-0.0509550551256123,23,-0.0973007259923564,0.907283121486519,"MBG_group_Other_W_prop_stand"
"MBG_group_Other_W_prop_stand.24",-0.0582563435256015,24,-0.104602014392346,0.900682910100279,"MBG_group_Other_W_prop_stand"
"MBG_group_Other_W_prop_stand.25",-0.0859158051472906,25,-0.132261476014035,0.876111882884022,"MBG_group_Other_W_prop_stand"
"MBG_group_Other_W_prop_stand.26",-0.0956533050936695,26,-0.141998975960414,0.867622144964882,"MBG_group_Other_W_prop_stand"
"MBG_group_Other_W_prop_stand.27",-0.0747523874492062,27,-0.12109805831595,0.885947080854584,"MBG_group_Other_W_prop_stand"
"MBG_group_Other_W_prop_stand.28",-0.0891629168810071,28,-0.135508587747751,0.873271663459513,"MBG_group_Other_W_prop_stand"
"MBG_group_Other_W_prop_stand.29",-0.0966166077710241,29,-0.142962278637768,0.866786764656348,"MBG_group_Other_W_prop_stand"
"MBG_group_Other_W_prop_stand.30",-0.164631240744078,30,-0.210976911610822,0.809792763475915,"MBG_group_Other_W_prop_stand"
"MBG_group_Other_W_prop_stand.31",-0.187840136020269,31,-0.234185806887013,0.791214789079792,"MBG_group_Other_W_prop_stand"
"MBG_group_Other_W_prop_stand.32",-0.113302710768513,32,-0.159648381635257,0.852443471055589,"MBG_group_Other_W_prop_stand"
"MBG_group_Other_W_prop_stand.33",-0.102810323979661,33,-0.149155994846405,0.861434725039547,"MBG_group_Other_W_prop_stand"
"MBG_group_Other_W_prop_stand.34",-0.0796003495778332,34,-0.125946020444577,0.881662437245344,"MBG_group_Other_W_prop_stand"
"MBG_group_Other_W_prop_stand.35",-0.0780115854780655,35,-0.12435725634481,0.883064304196816,"MBG_group_Other_W_prop_stand"
"MBG_group_Other_W_prop_stand.36",-0.118758644049071,36,-0.165104314915815,0.847805260740614,"MBG_group_Other_W_prop_stand"
"MBG_group_Other_W_prop_stand.37",-0.141678001315028,37,-0.188023672181772,0.828595092346877,"MBG_group_Other_W_prop_stand"
"MBG_group_Other_W_prop_stand.38",-0.0829684841684126,38,-0.129314155035157,0.878697874818452,"MBG_group_Other_W_prop_stand"
"MBG_group_Other_W_prop_stand.39",-0.0667823280239683,39,-0.113127998890712,0.893036345138533,"MBG_group_Other_W_prop_stand"
"MBG_group_Other_W_prop_stand.40",-0.0481445593211,40,-0.0944902301878441,0.909836623515513,"MBG_group_Other_W_prop_stand"
"MBG_group_Other_W_prop_stand.41",-0.0550785076426455,41,-0.10142417850939,0.903549685229053,"MBG_group_Other_W_prop_stand"
"MBG_group_Other_W_prop_stand.42",-0.0665067293520846,42,-0.112852400218829,0.893282498687434,"MBG_group_Other_W_prop_stand"
"MBG_group_Other_W_prop_stand.43",-0.0568323278624271,43,-0.103177998729171,0.901966410317129,"MBG_group_Other_W_prop_stand"
"MBG_group_Other_W_prop_stand.44",-0.0228102466840105,44,-0.0691559175507546,0.933181169412318,"MBG_group_Other_W_prop_stand"
"MBG_group_Other_W_prop_stand.45",-0.0249514190105539,45,-0.071297089877298,0.931185205330811,"MBG_group_Other_W_prop_stand"
"MBG_group_Other_W_prop_stand.46",-0.0330172848134923,46,-0.0793629556802364,0.923704599763424,"MBG_group_Other_W_prop_stand"
"MBG_group_Other_W_prop_stand.47",-0.0286713199245209,47,-0.075016990791265,0.927727723366542,"MBG_group_Other_W_prop_stand"
"MBG_group_Other_W_prop_stand.48",0.0375085801904803,48,-0.00883709067626377,0.991201841642331,"MBG_group_Other_W_prop_stand"
"MBG_group_Other_W_prop_stand.49",0.0602025500295517,49,0.0138568791628076,1.01395333070374,"MBG_group_Other_W_prop_stand"
"MBG_group_Other_W_prop_stand.50",0.00963379746039145,50,-0.0367118734063526,0.963953836075872,"MBG_group_Other_W_prop_stand"
"MBG_group_Other_W_prop_stand.51",-0.00888700893132835,51,-0.0552326797980724,0.946264945599693,"MBG_group_Other_W_prop_stand"
"MBG_group_Other_W_prop_stand.52",-0.0646638020745804,52,-0.111009472941325,0.894930271266928,"MBG_group_Other_W_prop_stand"
"MBG_group_Other_W_prop_stand.53",-0.0578781201143151,53,-0.104223790981059,0.90102363389382,"MBG_group_Other_W_prop_stand"
"MBG_group_Other_W_prop_stand.54",0.0327630538266346,54,-0.0135826170401095,0.986509210479883,"MBG_group_Other_W_prop_stand"
"MBG_group_Other_W_prop_stand.55",0.103562920030721,55,0.0572172491639769,1.05888582746985,"MBG_group_Other_W_prop_stand"
"MBG_group_Other_W_prop_stand.56",0.0856657472249986,56,0.0393200763582545,1.04010334286733,"MBG_group_Other_W_prop_stand"
"MBG_group_Other_W_prop_stand.57",0.240212463632351,57,0.193866792765607,1.21393456731918,"MBG_group_Other_W_prop_stand"
"MBG_group_Other_W_prop_stand.58",0.22551406469656,58,0.179168393829816,1.19622216363996,"MBG_group_Other_W_prop_stand"
"MBG_group_Other_W_prop_stand.59",0.148121062444345,59,0.101775391577601,1.10713477200443,"MBG_group_Other_W_prop_stand"
"MBG_group_Other_W_prop_stand.60",0.0669924238787424,60,0.0206467530119983,1.020861371732,"MBG_group_Other_W_prop_stand"
"MBG_group_Other_W_prop_stand.61",0.0199729711246625,61,-0.0263726997420816,0.9739720228338,"MBG_group_Other_W_prop_stand"
"MBG_group_Other_W_prop_stand.62",-0.037902811951815,62,-0.0842484828185591,0.919202821607337,"MBG_group_Other_W_prop_stand"
"MBG_group_Other_W_prop_stand.63",-0.0788678965449706,63,-0.125213567411715,0.882308450129632,"MBG_group_Other_W_prop_stand"
"MBG_group_Other_W_prop_stand.64",-0.12025891678868,64,-0.166604587655424,0.846534275270251,"MBG_group_Other_W_prop_stand"
"MBG_group_Other_W_prop_stand.65",-0.116994913158527,65,-0.163340584025271,0.849301880497429,"MBG_group_Other_W_prop_stand"
"MBG_group_Other_W_prop_stand.66",-0.106455541590791,66,-0.152801212457535,0.858300324266169,"MBG_group_Other_W_prop_stand"
"MBG_group_Other_W_prop_stand.67",-0.0731706096061087,67,-0.119516280472853,0.88734956123101,"MBG_group_Other_W_prop_stand"
"MBG_group_Other_W_prop_stand.68",-0.0872556176293706,68,-0.133601288496115,0.874938843249684,"MBG_group_Other_W_prop_stand"
"MBG_group_Other_W_prop_stand.69",-0.0737719629179345,69,-0.120117633784679,0.88681611104571,"MBG_group_Other_W_prop_stand"
"MBG_group_Other_W_prop_stand.70",-0.108023442282526,70,-0.154369113149271,0.856955649028122,"MBG_group_Other_W_prop_stand"
"MBG_group_Other_W_prop_stand.71",-0.124447050810321,71,-0.170792721677065,0.842996290220774,"MBG_group_Other_W_prop_stand"
"MBG_group_Other_W_prop_stand.72",-0.14835467790859,72,-0.194700348775334,0.823081258414207,"MBG_group_Other_W_prop_stand"
"MBG_group_Other_W_prop_stand.73",-0.120092831108167,73,-0.166438501974911,0.846674884167676,"MBG_group_Other_W_prop_stand"
"MBG_group_Other_W_prop_stand.74",-0.0878334780918982,74,-0.134179148958642,0.874433396737883,"MBG_group_Other_W_prop_stand"
"MBG_group_Other_W_prop_stand.75",-0.0490223116714148,75,-0.0953679825381588,0.909038362669738,"MBG_group_Other_W_prop_stand"
"MBG_group_Other_W_prop_stand.76",-0.0331369638612998,76,-0.0794826347280439,0.92359405829135,"MBG_group_Other_W_prop_stand"
"MBG_group_Other_W_prop_stand.77",-0.0283044913180179,77,-0.0746501621847619,0.92806810286117,"MBG_group_Other_W_prop_stand"
"MBG_group_Other_W_prop_stand.78",-0.0225695339021616,78,-0.0689152047689056,0.933405825085238,"MBG_group_Other_W_prop_stand"
"MBG_group_Other_W_prop_stand.79",-0.00796307933841768,79,-0.0543087502051618,0.947139631797675,"MBG_group_Other_W_prop_stand"
"MBG_group_Other_W_prop_stand.80",-0.0311687601236486,80,-0.0775144309903927,0.9254136696645,"MBG_group_Other_W_prop_stand"
"MBG_group_Other_W_prop_stand.81",-0.014652559589496,81,-0.0609982304562401,0.940824904605376,"MBG_group_Other_W_prop_stand"
"MBG_group_Other_W_prop_stand.82",0.0542527722739159,82,0.00790710140717184,1.0079384450916,"MBG_group_Other_W_prop_stand"
"MBG_group_Other_W_prop_stand.83",0.0306229238643922,83,-0.0157227470023519,0.984400210132886,"MBG_group_Other_W_prop_stand"
"MBG_group_Other_nW_prop_stand.1",-0.13744565294922,1,-0.156260349915125,0.855336474601694,"MBG_group_Other_nW_prop_stand"
"MBG_group_Other_nW_prop_stand.2",-0.0923120979060546,2,-0.11112679487196,0.894825282478583,"MBG_group_Other_nW_prop_stand"
"MBG_group_Other_nW_prop_stand.3",-0.043099252865902,3,-0.0619139498318072,0.939963767351422,"MBG_group_Other_nW_prop_stand"
"MBG_group_Other_nW_prop_stand.4",-0.0277570277463733,4,-0.0465717247122784,0.954496097156801,"MBG_group_Other_nW_prop_stand"
"MBG_group_Other_nW_prop_stand.5",-0.00151166720316233,5,-0.0203263641690675,0.979878823777772,"MBG_group_Other_nW_prop_stand"
"MBG_group_Other_nW_prop_stand.6",0.0440079867670907,6,0.0251932898011855,1.02551332263483,"MBG_group_Other_nW_prop_stand"
"MBG_group_Other_nW_prop_stand.7",0.0677925611854571,7,0.0489778642195519,1.05019710355022,"MBG_group_Other_nW_prop_stand"
"MBG_group_Other_nW_prop_stand.8",0.100954805731382,8,0.0821401087654767,1.08560790235754,"MBG_group_Other_nW_prop_stand"
"MBG_group_Other_nW_prop_stand.9",0.140594084813738,9,0.121779387847832,1.12950489178689,"MBG_group_Other_nW_prop_stand"
"MBG_group_Other_nW_prop_stand.10",0.139806732853748,10,0.120992035887843,1.12861592390775,"MBG_group_Other_nW_prop_stand"
"MBG_group_Other_nW_prop_stand.11",0.13722855274921,11,0.118413855783305,1.12570989652775,"MBG_group_Other_nW_prop_stand"
"MBG_group_Other_nW_prop_stand.12",0.128886650967609,12,0.110071954001703,1.11635839402282,"MBG_group_Other_nW_prop_stand"
"MBG_group_Other_nW_prop_stand.13",0.108841678914345,13,0.0900269819484403,1.09420380705761,"MBG_group_Other_nW_prop_stand"
"MBG_group_Other_nW_prop_stand.14",0.116236275090817,14,0.0974215781249118,1.10232499178078,"MBG_group_Other_nW_prop_stand"
"MBG_group_Other_nW_prop_stand.15",0.112280353082081,15,0.0934656561161755,1.09797289404025,"MBG_group_Other_nW_prop_stand"
"MBG_group_Other_nW_prop_stand.16",0.0787985382253888,16,0.0599838412594836,1.06181938874276,"MBG_group_Other_nW_prop_stand"
"MBG_group_Other_nW_prop_stand.17",0.0395960618172489,17,0.0207813648513437,1.02099880100856,"MBG_group_Other_nW_prop_stand"
"MBG_group_Other_nW_prop_stand.18",0.0282513228045238,18,0.00943662583861866,1.00948129117837,"MBG_group_Other_nW_prop_stand"
"MBG_group_Other_nW_prop_stand.19",0.0058107446312192,19,-0.013003952334686,0.987080233741132,"MBG_group_Other_nW_prop_stand"
"MBG_group_Other_nW_prop_stand.20",0.0266049502586359,20,0.0077902532927307,1.00782067626549,"MBG_group_Other_nW_prop_stand"
"MBG_group_Other_nW_prop_stand.21",0.0476004766007911,21,0.0287857796348859,1.02920409438129,"MBG_group_Other_nW_prop_stand"
"MBG_group_Other_nW_prop_stand.22",-0.00240106579246822,22,-0.0212157627583734,0.979007708376042,"MBG_group_Other_nW_prop_stand"
"MBG_group_Other_nW_prop_stand.23",0.00572042807174658,23,-0.0130942688941586,0.986991088076223,"MBG_group_Other_nW_prop_stand"
"MBG_group_Other_nW_prop_stand.24",0.0317517402503243,24,0.0129370432844192,1.01302108887162,"MBG_group_Other_nW_prop_stand"
"MBG_group_Other_nW_prop_stand.25",0.0160236653224806,25,-0.00279103164342455,0.997212859664297,"MBG_group_Other_nW_prop_stand"
"MBG_group_Other_nW_prop_stand.26",0.00315360174450418,26,-0.015661095221401,0.984460902029871,"MBG_group_Other_nW_prop_stand"
"MBG_group_Other_nW_prop_stand.27",0.00359709198764529,27,-0.0152176049782599,0.984897597662644,"MBG_group_Other_nW_prop_stand"
"MBG_group_Other_nW_prop_stand.28",0.00217342589964805,28,-0.0166412710662571,0.983496429986814,"MBG_group_Other_nW_prop_stand"
"MBG_group_Other_nW_prop_stand.29",-0.0229200972958922,29,-0.0417347942617974,0.959124112064076,"MBG_group_Other_nW_prop_stand"
"MBG_group_Other_nW_prop_stand.30",-0.00856088373177938,30,-0.0273755806976846,0.972995734473139,"MBG_group_Other_nW_prop_stand"
"MBG_group_Other_nW_prop_stand.31",-0.0260028165939386,31,-0.0448175135598438,0.956171954329306,"MBG_group_Other_nW_prop_stand"
"MBG_group_Other_nW_prop_stand.32",-0.100261316331394,32,-0.119076013297299,0.887740318128468,"MBG_group_Other_nW_prop_stand"
"MBG_group_Other_nW_prop_stand.33",-0.100306748449561,33,-0.119121445415467,0.887699987121601,"MBG_group_Other_nW_prop_stand"
"MBG_group_Other_nW_prop_stand.34",-0.10893765890331,34,-0.127752355869215,0.880071296651822,"MBG_group_Other_nW_prop_stand"
"MBG_group_Other_nW_prop_stand.35",-0.0854784589295107,35,-0.104293155895416,0.900961136634206,"MBG_group_Other_nW_prop_stand"
"MBG_group_Other_nW_prop_stand.36",-0.0642390560280335,36,-0.0830537529939387,0.920301676920087,"MBG_group_Other_nW_prop_stand"
"MBG_group_Other_nW_prop_stand.37",-0.0218826615776273,37,-0.0406973585435324,0.960119657994344,"MBG_group_Other_nW_prop_stand"
"MBG_group_Other_nW_prop_stand.38",-0.0529068393629714,38,-0.0717215363288766,0.930790050941517,"MBG_group_Other_nW_prop_stand"
"MBG_group_Other_nW_prop_stand.39",-0.0694060595987613,39,-0.0882207565646665,0.915558738810581,"MBG_group_Other_nW_prop_stand"
"MBG_group_Other_nW_prop_stand.40",-0.0624560739430526,40,-0.0812707709089578,0.921944022023674,"MBG_group_Other_nW_prop_stand"
"MBG_group_Other_nW_prop_stand.41",-0.0426657319422601,41,-0.0614804289081653,0.940371349653379,"MBG_group_Other_nW_prop_stand"
"MBG_group_Other_nW_prop_stand.42",-0.0154265043894299,42,-0.0342412013553351,0.966338394394943,"MBG_group_Other_nW_prop_stand"
"MBG_group_Other_nW_prop_stand.43",-0.0495218982648467,43,-0.0683365952307519,0.93394605887574,"MBG_group_Other_nW_prop_stand"
"MBG_group_Other_nW_prop_stand.44",-0.0724226130763685,44,-0.0912373100422737,0.91280106833444,"MBG_group_Other_nW_prop_stand"
"MBG_group_Other_nW_prop_stand.45",-0.0707907238069015,45,-0.0896054207728067,0.914291874687616,"MBG_group_Other_nW_prop_stand"
"MBG_group_Other_nW_prop_stand.46",-0.0570439702933165,46,-0.0758586672592216,0.92694720529104,"MBG_group_Other_nW_prop_stand"
"MBG_group_Other_nW_prop_stand.47",-0.0845623136531188,47,-0.103377010619024,0.901786926137564,"MBG_group_Other_nW_prop_stand"
"MBG_group_Other_nW_prop_stand.48",-0.114740243454091,48,-0.133554940419996,0.874979395921552,"MBG_group_Other_nW_prop_stand"
"MBG_group_Other_nW_prop_stand.49",-0.0922096283432696,49,-0.111024325309175,0.894916979532046,"MBG_group_Other_nW_prop_stand"
"MBG_group_Other_nW_prop_stand.50",-0.0778797771725536,50,-0.0966944741384588,0.907833330326643,"MBG_group_Other_nW_prop_stand"
"MBG_group_Other_nW_prop_stand.51",-0.0987797641529172,51,-0.117594461118822,0.88905652650565,"MBG_group_Other_nW_prop_stand"
"MBG_group_Other_nW_prop_stand.52",-0.0649596809961301,52,-0.0837743779620353,0.919638723452617,"MBG_group_Other_nW_prop_stand"
"MBG_group_Other_nW_prop_stand.53",-0.0328161448248033,53,-0.0516308417907085,0.949679384081579,"MBG_group_Other_nW_prop_stand"
"MBG_group_Other_nW_prop_stand.54",0.0278151578532276,54,0.0090004608873224,1.00904108682801,"MBG_group_Other_nW_prop_stand"
"MBG_group_Other_nW_prop_stand.55",0.0709248368141333,55,0.0521101398482281,1.05349176754714,"MBG_group_Other_nW_prop_stand"
"MBG_group_Other_nW_prop_stand.56",0.0375216306021272,56,0.018706933636222,1.01888300452103,"MBG_group_Other_nW_prop_stand"
"MBG_group_Other_nW_prop_stand.57",0.0628600952097756,57,0.0440453982438704,1.0450297963291,"MBG_group_Other_nW_prop_stand"
"MBG_group_Other_nW_prop_stand.58",0.0622466292208125,58,0.0434319322549074,1.04438890269492,"MBG_group_Other_nW_prop_stand"
"MBG_group_Other_nW_prop_stand.59",0.0651440997346713,59,0.0463294027687662,1.04741937698027,"MBG_group_Other_nW_prop_stand"
"MBG_group_Other_nW_prop_stand.60",0.0788581729115697,60,0.0600434759456646,1.0618827118969,"MBG_group_Other_nW_prop_stand"
"MBG_group_Other_nW_prop_stand.61",0.0790704136804279,61,0.0602557167145227,1.06210811061866,"MBG_group_Other_nW_prop_stand"
"MBG_group_Other_nW_prop_stand.62",0.117402554588311,62,0.0985878576224057,1.10361136080537,"MBG_group_Other_nW_prop_stand"
"MBG_group_Other_nW_prop_stand.63",0.140470330675151,63,0.121655633709246,1.12936511953086,"MBG_group_Other_nW_prop_stand"
"MBG_group_Other_nW_prop_stand.64",0.154297960394669,64,0.135483263428764,1.14509003079319,"MBG_group_Other_nW_prop_stand"
"MBG_group_Other_nW_prop_stand.65",0.133084268667519,65,0.114269571701614,1.12105428866712,"MBG_group_Other_nW_prop_stand"
"MBG_group_Other_nW_prop_stand.66",0.0951553420121079,66,0.0763406450462027,1.07933018002121,"MBG_group_Other_nW_prop_stand"
"MBG_group_Other_nW_prop_stand.67",0.0571683310305389,67,0.0383536340646337,1.03909862858443,"MBG_group_Other_nW_prop_stand"
"MBG_group_Other_nW_prop_stand.68",-0.0047577875978299,68,-0.0235724845637351,0.976703176199351,"MBG_group_Other_nW_prop_stand"
"MBG_group_Other_nW_prop_stand.69",-0.077068828350345,69,-0.0958835253162502,0.908569835290186,"MBG_group_Other_nW_prop_stand"
"MBG_group_Other_nW_prop_stand.70",-0.0752780788371852,70,-0.0940927758030904,0.910198313943901,"MBG_group_Other_nW_prop_stand"
"MBG_group_Other_nW_prop_stand.71",-0.0652294633522496,71,-0.0840441603181547,0.919390654614828,"MBG_group_Other_nW_prop_stand"
"MBG_group_Other_nW_prop_stand.72",-0.100071360062634,72,-0.118886057028539,0.887908965984279,"MBG_group_Other_nW_prop_stand"
"MBG_group_Other_nW_prop_stand.73",-0.0781888739238894,73,-0.0970035708897946,0.907552765356579,"MBG_group_Other_nW_prop_stand"
"MBG_group_Other_nW_prop_stand.74",-0.0952503206943855,74,-0.114065017660291,0.89219994524362,"MBG_group_Other_nW_prop_stand"
"MBG_group_Other_nW_prop_stand.75",-0.0678296354522931,75,-0.0866443324181983,0.917003185945488,"MBG_group_Other_nW_prop_stand"
"MBG_group_Other_nW_prop_stand.76",-0.064435755089302,76,-0.0832504520552071,0.920120672246461,"MBG_group_Other_nW_prop_stand"
"MBG_group_Other_nW_prop_stand.77",-0.051393529893112,77,-0.0702082268590171,0.932199690681623,"MBG_group_Other_nW_prop_stand"
"MBG_group_Other_nW_prop_stand.78",-0.0495922122324072,78,-0.0684069091983124,0.933880391731539,"MBG_group_Other_nW_prop_stand"
"MBG_group_Other_nW_prop_stand.79",-0.033838229762109,79,-0.0526529267280142,0.948709226963785,"MBG_group_Other_nW_prop_stand"
"MBG_group_Other_nW_prop_stand.80",-0.0241710379275882,80,-0.0429857348934934,0.957925054872499,"MBG_group_Other_nW_prop_stand"
"MBG_group_Other_nW_prop_stand.81",0.00974363653833415,81,-0.00907106042757103,0.99096995752194,"MBG_group_Other_nW_prop_stand"
"MBG_group_Other_nW_prop_stand.82",0.0516958446080256,82,0.0328811476421204,1.03342770662235,"MBG_group_Other_nW_prop_stand"
"MBG_group_Other_nW_prop_stand.83",0.0596374128754629,83,0.0408227159095577,1.04166741811413,"MBG_group_Other_nW_prop_stand"
